{
	"shader" : "Standard",
	"color" : {
		"r" : 1.0,
		"g" : 1.0,
		"b" : 1.0,
		"a" : 1.0
	},
	"mainTexture" : "",
	"mainTextureOffset" : {
		"x" : 0.0,
		"y" : 0.0
	},
	"mainTextureScale" : {
		"x" : 1.0,
		"y" : 1.0
	},
	"passCount" : 6,
	"renderQueue" : 2000,
	"shaderKeywords" : [],
	"globalIlluminationFlags" : 5,
	"enableKeywords" : [
		"_METALLICGLOSSMAP",
		"_SPECGLOSSMAP"
	],
	"shaderProperties" : [{
			"name" : "_Metallic",
			"type" : "float",
			"value" : "1"
		}, {
			"name" : "_Glossiness",
			"type" : "float",
			"value" : ".75"
		}
	]
}
